{"count":1,"self":762.9390336,"total":2031.2832483999998,"children":{"InitializeActuators":{"count":1,"self":0.0010000999999999999,"total":0.0010000999999999999,"children":null},"InitializeSensors":{"count":1,"self":0.0015049999999999998,"total":0.0015049999999999998,"children":null},"AgentSendState":{"count":1708984,"self":14.1610608,"total":20.919682899999998,"children":{"CollectObservations":{"count":341797,"self":0.58695259999999994,"total":0.58695259999999994,"children":null},"WriteActionMask":{"count":341797,"self":0.1882592,"total":0.1882592,"children":null},"RequestDecision":{"count":341797,"self":1.0267821,"total":5.9834109,"children":{"AgentInfo.ToProto":{"count":341797,"self":1.1920255,"total":4.9566288,"children":{"GenerateSensorData":{"count":341797,"self":3.2289206,"total":3.7646032999999997,"children":{"RayPerceptionSensor.Perceive":{"count":341797,"self":0.5356827,"total":0.5356827,"children":null}}}}}}}}},"DecideAction":{"count":1708984,"self":1190.2657536,"total":1190.2657894,"children":null},"AgentAct":{"count":1708984,"self":57.152633599999994,"total":57.154651699999995,"children":{"AgentInfo.ToProto":{"count":202,"self":0.0010125,"total":0.0020171,"children":{"GenerateSensorData":{"count":202,"self":0.0010046,"total":0.0010046,"children":{"RayPerceptionSensor.Perceive":{"count":202,"self":0,"total":0,"children":null}}}}}}},"AgentInfo.ToProto":{"count":301,"self":0,"total":0.00052169999999999994,"children":{"GenerateSensorData":{"count":301,"self":0.00052169999999999994,"total":0.00052169999999999994,"children":{"RayPerceptionSensor.Perceive":{"count":301,"self":0,"total":0,"children":null}}}}}},"gauges":{"ExplorerAgent.CumulativeReward":{"count":503,"max":10.3966,"min":-4.99782038,"runningAverage":4.383602,"value":6.06913853,"weightedAverage":-0.182095945}},"metadata":{"timer_format_version":"0.1.0","start_time_seconds":"1779637269","unity_version":"6000.3.9f1","command_line_arguments":"C:\\Program Files\\6000.3.9f1\\Editor\\Unity.exe -projectpath C:\\Users\\kirir\\Documents\\Unity\\PathSearchAgentTest -acceptSoftwareTermsForThisRunOnly -useHub -hubIPC -cloudEnvironment production","communication_protocol_version":"1.5.0","com.unity.ml-agents_version":"4.0.3","scene_name":"SampleScene","end_time_seconds":"1779639300"}}