{
    "name": "root",
    "gauges": {
        "ExplorerAgent.Policy.Entropy.mean": {
            "value": 2.4236817359924316,
            "min": 2.30108380317688,
            "max": 2.7078726291656494,
            "count": 34
        },
        "ExplorerAgent.Policy.Entropy.sum": {
            "value": 24125.328125,
            "min": 23166.615234375,
            "max": 27306.1875,
            "count": 34
        },
        "ExplorerAgent.Step.mean": {
            "value": 339880.0,
            "min": 9956.0,
            "max": 339880.0,
            "count": 34
        },
        "ExplorerAgent.Step.sum": {
            "value": 339880.0,
            "min": 9956.0,
            "max": 339880.0,
            "count": 34
        },
        "ExplorerAgent.Policy.ExtrinsicValueEstimate.mean": {
            "value": 0.40765380859375,
            "min": 0.019585277885198593,
            "max": 1.2936556339263916,
            "count": 34
        },
        "ExplorerAgent.Policy.ExtrinsicValueEstimate.sum": {
            "value": 33.01995849609375,
            "min": 1.5668222904205322,
            "max": 116.42900848388672,
            "count": 34
        },
        "ExplorerAgent.Policy.CuriosityValueEstimate.mean": {
            "value": 0.24063296616077423,
            "min": 0.04101467505097389,
            "max": 0.8404958248138428,
            "count": 34
        },
        "ExplorerAgent.Policy.CuriosityValueEstimate.sum": {
            "value": 19.491270065307617,
            "min": 3.2811739444732666,
            "max": 68.08016204833984,
            "count": 34
        },
        "ExplorerAgent.Environment.EpisodeLength.mean": {
            "value": 892.2727272727273,
            "min": 298.03125,
            "max": 999.0,
            "count": 34
        },
        "ExplorerAgent.Environment.EpisodeLength.sum": {
            "value": 9815.0,
            "min": 9121.0,
            "max": 10726.0,
            "count": 34
        },
        "ExplorerAgent.Environment.CumulativeReward.mean": {
            "value": -1.5501820905642076,
            "min": -4.492700172960758,
            "max": 9.479100089147687,
            "count": 34
        },
        "ExplorerAgent.Environment.CumulativeReward.sum": {
            "value": -17.052002996206284,
            "min": -44.92700172960758,
            "max": 253.8959977477789,
            "count": 34
        },
        "ExplorerAgent.Policy.ExtrinsicReward.mean": {
            "value": -1.5501820905642076,
            "min": -4.492700172960758,
            "max": 9.479100089147687,
            "count": 34
        },
        "ExplorerAgent.Policy.ExtrinsicReward.sum": {
            "value": -17.052002996206284,
            "min": -44.92700172960758,
            "max": 253.8959977477789,
            "count": 34
        },
        "ExplorerAgent.Policy.CuriosityReward.mean": {
            "value": 1.847356068817052,
            "min": 0.0,
            "max": 28.401616458188403,
            "count": 34
        },
        "ExplorerAgent.Policy.CuriosityReward.sum": {
            "value": 20.32091675698757,
            "min": 0.0,
            "max": 312.41778104007244,
            "count": 34
        },
        "ExplorerAgent.IsTraining.mean": {
            "value": 1.0,
            "min": 1.0,
            "max": 1.0,
            "count": 34
        },
        "ExplorerAgent.IsTraining.sum": {
            "value": 1.0,
            "min": 1.0,
            "max": 1.0,
            "count": 34
        },
        "ExplorerAgent.Losses.PolicyLoss.mean": {
            "value": 0.022716830484569073,
            "min": 0.016699369554407893,
            "max": 0.03523158244788647,
            "count": 33
        },
        "ExplorerAgent.Losses.PolicyLoss.sum": {
            "value": 0.022716830484569073,
            "min": 0.016699369554407893,
            "max": 0.03523158244788647,
            "count": 33
        },
        "ExplorerAgent.Losses.ValueLoss.mean": {
            "value": 0.15121770054101943,
            "min": 0.011809914745390416,
            "max": 0.9950466414292654,
            "count": 33
        },
        "ExplorerAgent.Losses.ValueLoss.sum": {
            "value": 0.15121770054101943,
            "min": 0.011809914745390416,
            "max": 0.9950466414292654,
            "count": 33
        },
        "ExplorerAgent.Policy.LearningRate.mean": {
            "value": 9.621126792960002e-05,
            "min": 9.621126792960002e-05,
            "max": 0.00029379600206799994,
            "count": 33
        },
        "ExplorerAgent.Policy.LearningRate.sum": {
            "value": 9.621126792960002e-05,
            "min": 9.621126792960002e-05,
            "max": 0.00029379600206799994,
            "count": 33
        },
        "ExplorerAgent.Policy.Epsilon.mean": {
            "value": 0.13207039999999998,
            "min": 0.13207039999999998,
            "max": 0.19793199999999994,
            "count": 33
        },
        "ExplorerAgent.Policy.Epsilon.sum": {
            "value": 0.13207039999999998,
            "min": 0.13207039999999998,
            "max": 0.19793199999999994,
            "count": 33
        },
        "ExplorerAgent.Policy.Beta.mean": {
            "value": 0.0016103129599999997,
            "min": 0.0016103129599999997,
            "max": 0.0048968067999999995,
            "count": 33
        },
        "ExplorerAgent.Policy.Beta.sum": {
            "value": 0.0016103129599999997,
            "min": 0.0016103129599999997,
            "max": 0.0048968067999999995,
            "count": 33
        },
        "ExplorerAgent.Losses.CuriosityForwardLoss.mean": {
            "value": 0.10377303486069044,
            "min": 0.10163239041964213,
            "max": 4.406476593017578,
            "count": 33
        },
        "ExplorerAgent.Losses.CuriosityForwardLoss.sum": {
            "value": 0.10377303486069044,
            "min": 0.10163239041964213,
            "max": 4.406476593017578,
            "count": 33
        },
        "ExplorerAgent.Losses.CuriosityInverseLoss.mean": {
            "value": 1.8375060876210532,
            "min": 1.774839174747467,
            "max": 2.565501642227173,
            "count": 33
        },
        "ExplorerAgent.Losses.CuriosityInverseLoss.sum": {
            "value": 1.8375060876210532,
            "min": 1.774839174747467,
            "max": 2.565501642227173,
            "count": 33
        }
    },
    "metadata": {
        "timer_format_version": "0.1.0",
        "start_time_seconds": "1779637259",
        "python_version": "3.10.9 (tags/v3.10.9:1dd9be6, Dec  6 2022, 20:01:21) [MSC v.1934 64 bit (AMD64)]",
        "command_line_arguments": "C:\\Users\\kirir\\AppData\\Local\\Programs\\Python\\Python310\\Scripts\\mlagents-learn Assets/config/trainer.yaml --run-id=test1 --force",
        "mlagents_version": "1.1.0",
        "mlagents_envs_version": "1.1.0",
        "communication_protocol_version": "1.5.0",
        "pytorch_version": "2.11.0+cpu",
        "numpy_version": "1.23.5",
        "end_time_seconds": "1779639366"
    },
    "total": 2107.3860238000016,
    "count": 1,
    "self": 0.006819499998528045,
    "children": {
        "run_training.setup": {
            "total": 0.09513550000338,
            "count": 1,
            "self": 0.09513550000338
        },
        "TrainerController.start_learning": {
            "total": 2107.2840687999997,
            "count": 1,
            "self": 4.664386799242493,
            "children": {
                "TrainerController._reset_env": {
                    "total": 12.64381190000131,
                    "count": 1,
                    "self": 12.64381190000131
                },
                "TrainerController.advance": {
                    "total": 2087.1047725007556,
                    "count": 342200,
                    "self": 4.004974701409083,
                    "children": {
                        "env_step": {
                            "total": 1961.5427139012427,