{
    "name": "root",
    "metadata": {
        "timer_format_version": "0.1.0",
        "start_time_seconds": "1779637050",
        "python_version": "3.10.9 (tags/v3.10.9:1dd9be6, Dec  6 2022, 20:01:21) [MSC v.1934 64 bit (AMD64)]",
        "command_line_arguments": "C:\\Users\\kirir\\AppData\\Local\\Programs\\Python\\Python310\\Scripts\\mlagents-learn Assets/config/trainer.yaml --run-id=test1 --force",
        "mlagents_version": "1.1.0",
        "mlagents_envs_version": "1.1.0",
        "communication_protocol_version": "1.5.0",
        "pytorch_version": "2.11.0+cpu",
        "numpy_version": "1.23.5",
        "end_time_seconds": "1779637184"
    },
    "total": 134.15601349999997,
    "count": 1,
    "self": 0.00672830000257818,
    "children": {
        "run_training.setup": {
            "total": 0.09357819999786443,
            "count": 1,
            "self": 0.09357819999786443
        },
        "TrainerController.start_learning": {
            "total": 134.05570699999953,
            "count": 1,
            "self": 0.12650959996244637,
            "children": {
                "TrainerController._reset_env": {
                    "total": 7.640640900001017,
                    "count": 1,
                    "self": 7.640640900001017
                },
                "TrainerController.advance": {
                    "total": 123.46314530003656,
                    "count": 9781,
                    "self": 0.11322380014462397,
                    "children": {
                        "env_step": {
                            "total": 122.5872062000235,
                            "count": 9781,
                            "self": 112.10189770005672,
                            "children": {
                                "SubprocessEnvManager._take_step": {
                                    "total": 10.39933609995569,
                                    "count": 9781,
                                    "self": 0.31198650009173434,
                                    "children": {
                                        "TorchPolicy.evaluate": {
                                            "total": 10.087349599863956,
                                            "count": 9781,
                                            "self": 10.087349599863956
                                        }
                                    }
                                },
                                "workers": {
                                    "total": 0.0859724000110873,
                                    "count": 9780,
                                    "self": 0.0,
                                    "children": {
                                        "worker_root": {
                                            "total": 61.82625960012592,
                                            "count": 9780,
                                            "is_parallel": true,
                                            "self": 19.444868900194706,
                                            "children": {
                                                "steps_from_proto": {
                                                    "total": 0.0003359000002092216,
                                                    "count": 1,
                                                    "is_parallel": true,
                                                    "self": 0.00016799999866634607,
                                                    "children": {
                                                        "_process_rank_one_or_two_observation": {
                                                            "total": 0.00016790000154287554,
                                                            "count": 4,
                                                            "is_parallel": true,
                                                            "self": 0.00016790000154287554
                                                        }
                                                    }
                                                },
                                                "UnityEnvironment.step": {
                                                    "total": 42.38105479993101,
                                                    "count": 9780,
                                                    "is_parallel": true,
                                                    "self": 0.6502658994904778,
                                                    "children": {
                                                        "UnityEnvironment._generate_step_input": {
                                                            "total": 0.5347412000628537,
                                                            "count": 9780,
                                                            "is_parallel": true,
                                                            "self": 0.5347412000628537
                                                        },
                                                        "communicator.exchange": {
                                                            "total": 38.85544230026426,
                                                            "count": 9780,
                                                            "is_parallel": true,
                                                            "self": 38.85544230026426
                                                        },
                                                        "steps_from_proto": {
                                                            "total": 2.340605400113418,
                                                            "count": 9780,
                                                            "is_parallel": true,
                                                            "self": 1.255853200564161,
                                                            "children": {
                                                                "_process_rank_one_or_two_observation": {
                                                                    "total": 1.084752199549257,
                                                                    "count": 39120,
                                                                    "is_parallel": true,
                                                                    "self": 1.084752199549257
                                                                }
                                                            }
                                                        }
                                                    }
                                                }
                                            }
                                        }
                                    }
                                }
                            }
                        },
                        "trainer_advance": {
                            "total": 0.7627152998684323,
                            "count": 9780,
                            "self": 0.1521194996057602,
                            "children": {
                                "process_trajectory": {
                                    "total": 0.6105958002626721,
                                    "count": 9780,
                                    "self": 0.6105958002626721
                                }
                            }
                        }
                    }
                },
                "TrainerController._save_models": {
                    "total": 2.8254111999995075,
                    "count": 1,
                    "self": 0.018669900000531925,
                    "children": {
                        "RLTrainer._checkpoint": {
                            "total": 2.8067412999989756,
                            "count": 1,